[
  {
    "title": "第一篇文章",
    "author": "gua",
    "content": "哈哈哈",
    "created_time": 1502800782,
    "id": 1,
    "comments": [
      {
        "author": "gua",
        "content": "沙发",
        "blog_id": 1,
        "created_time": 1502802814,
        "id": 3
      },
      {
        "author": "gua",
        "content": "板凳",
        "blog_id": 1,
        "created_time": 1502802837,
        "id": 4
      }
    ]
  },
  {
    "title": "第二篇文章",
    "author": "gua",
    "content": "hello world",
    "created_time": 1502800804,
    "id": 2,
    "comments": [
      {
        "id": 1,
        "author": "评论瓜",
        "content": "沙发",
        "blog_id": 2
      },
      {
        "id": 2,
        "author": "评论 2",
        "content": "板凳",
        "blog_id": 2
      }
    ]
  },
  {
    "title": "test",
    "author": "gua",
    "content": "十分钟想不出来就看提示，再没有想法就及时提问。",
    "created_time": 1504256581,
    "id": 3
  }
]